{
    "datasetType": "asr-corpus",
    "languages": {
        "sourceLanguage": "te"
    },
    "collectionSource": [
        "Chai_Bisket_Stories"
    ],
    "domain": [
        "entertainment"
    ],
    "collectionMethod": {
        "collectionDescription": [
            "machine-generated-transcript"
        ],
        "collectionDetails": {
            "asrModel": "ekstep asr Version 2",
            "evaluationMethod": {
                "wer": 20
            }
        }
    },
    "license": "cc-by-4.0",
    "submitter": {
        "name": "ekstep",
        "oauthId": {
            "oauthId": "ekstepspeechrecognition@thoughtworks.com",
            "provider": "ekstep"
        },
        "team": [
            {
                "name": "ekstep",
                "oauthId": {
                    "oauthId": "ekstepspeechrecognition@thoughtworks.com",
                    "provider": "ekstep"
                }
            }
        ]
    },
    "format": "wav",
    "snr": {
        "methodType": "WadaSnr",
        "methodDetails": {
            "snrTool": "WADASNR",
            "snrToolVersion": "1.0.1"
        }
    }
}